"clay_ball","Clay Ball",
"clay_blob","Clay Blob",
"coin_guild","Guild Token",
"coin_standard","Standard Token",
"crystal_vitality","Crystal Vitality",
"enraged_vessel","Enraged Vessel",
"key_collectible","Key Collectible",
"knight_sword","Knight's Sword",
"linked_life","Linked Life",
"living_clay","Living Clay",
"metal_scrap","Metal Scrap",
"placeholder","Placeholder",
"player","Player",
"scorching_porcelain","Scorching Porcelain",
"shop","Shop",
"tag_attack","Attack",
"tag_attack_cooldown","Attack Cooldown",
"tag_buy_price","Buy Price",
"tag_collectible","Collectible",
"tag_crystal","Crystal",
"tag_cursed","Cursed",
"tag_currency","Currency",
"tag_elemental_infusion","Elemental Infusion",
"tag_enemy","Enemy",
"tag_equipment","Equipment",
"tag_fire_infused","Fire Infused",
"tag_gemstonee","Gemstone",
"tag_haste","Haste"
"tag_lootable","Lootable",
"tag_metal","Metal",
"tag_player","Player",
"tag_poison_tip","Poison Tip",
"tag_sell_price","Sell Price",
"tag_shop","Shop",
"test_dungeon_quest","test Dungeon Quest",
"test_lootable","Test Lootable",
"test_quest","Test Quest",
"weathered_cloth","Weathered Cloth",