"basic_lootable","Saqueable Básico",
"Charm","Amuleto",
"Chest","Pecho",
"clay_ball","Bola De Arcilla",
"clay_blob","Masa De Arcilla",
"clay_halls","Salón De Arcilla",
"coin_guild","Moneda Del Gremio",
"coin_standard","Moneda Estándar",
"crystal_vitality","Vitalidad Cristalizada",
"Defense","Defensa",
"Speed","Velocidad",
"Health","Vida",
"DashForce","Fuerza de Dash",
"DashCooldown","Cooldown de Dash",
"description_player_effect_on_hit","Cuando Jugador es dañado por {0}, Jugador gana {1}~, algunas veces.",
"Attack","Ataque",
"AttackCooldown","Cooldown de Ataque",
"AttackRange","Rango de Ataque",
"AttackDistance","Distancia de Ataque",
"StunDuration","Duración de Stun",
"ChargeDuration","Duración de Carga",
"FleeRange","Rango de Fuga",
"DetectionRange","Rango de Detección",
"Knockback","Rebote",
"description_item_on_kill","Cuando {0} es derrotado por {1}, el jugador obtiene {2} x{3}~, algunas veces.",
"description_effect_on_spawn","Cuando {0} aparece, gana {1}~, algunas veces.",
"enraged_vessel","Vasija Furiosa",
"Head","Cabeza",
"key_collectible","Llave Recolectable",
"knight_sword","Espada Del Caballero",
"Legs","Piernas",
"linked_life","Vida Vinculada",
"living_clay","Arcilla Viviente",
"metal_scrap","Chattara Metálica",
"mod_+20%_hp","Vitalidad",
"no_enemy","un enemigo {}",
"Pendant","Pendiente",
"placeholder","Temp",
"player","Jugador",
"scorching_porcelain","Porcelana En Llamas",
"shop","Tienda",
"spawner_clay_blob","Nido de Masa de Arcilla",
"tag_attack","Ataque",
"tag_attack_cooldown","Recuperación De Ataque",
"tag_buy_price","Precio De Compra",
"tag_clay","Arcilla",
"tag_collectible","Recolectable",
"tag_crystal","Cristal",
"tag_cursed","Maldito",
"tag_currency","Moneda",
"tag_elemental_infusion","Infusión Elemental",
"tag_enemy","Enemigo",
"tag_equipment","Armamento",
"tag_fire_infused","Infusión De Fuego",
"tag_gemstonee","Gema",
"tag_haste","Prisa",
"tag_lootable","Saqueable",
"tag_metal","Metal",
"tag_player","Jugador",
"tag_poison_tip","Punta Venenosa",
"tag_sell_price","Precio De Venta",
"tag_shop","Tienda",
"tag_spawner","Nido",
"test_dungeon_quest","Misión Para Mazmorra De Prueba",
"test_quest","Misión De Prueba",
"ui_back","Regresar",
"ui_enemies","Monstruos",
"ui_items","Tesoros",
"ui_language","Idioma",
"ui_load_game","Cargar Juego",
"ui_main_menu","Menú Principal",
"ui_new_game","Nuevo Juego",
"ui_quit_game","Salir",
"ui_save_game","Guardar Juego",
"ui_settings","Ajustes",
"Weapon","Arma",
"weathered_cloth","Tela Percudida",
"anything","Cualquier cosa",
"poison","Veneno",
"boost_crystal_vitality","Más Vitalidad Cristalizada",
"items","Objeto",
"items_with_rarity","Objeto con rareza",
"items_with_tag","Objeto conteniendo",
"not_equal","distinta de",
"higher_than","mayor que",
"lesser_than","menor que",
"add_loot_modifier_description","{0} Tiene una mayor posibilidad de ser encontrado.",
"spawn_on_hit_description","Cuando Jugador toma daño por {0}, {1} aparece alrededor del Jugador~ algunas veces.",
"spawn_on_hit","infestación de arcilla",
"porcelain_drop,"gota de porcelana",
"dungeon_level","nivel",
"exit_dungeon","Escapar",
"next_level","Siguiente Nivel",